group,mean_change,std_change,num_at_near_bounds,percent_at_near_bounds,initial_cv,current_cv,num_cv_dec
npf_gr,107.66,0.66924,36,0,1046.93,1193.7,5
sto_gr,114.172,0.578052,36,0,2208.56,1749.08,8
npf_pp,79.6191,8.86227,0,0,385.216,519.975,1
sto_pp,307.005,1.01836,1,0,1959.9,5739.31,2
rch_pp,43.7032,1.10566,1,0,502.622,479.379,0
npf_cn,361.43,44.1119,0,0,2324.78,496.988,1
sto_cn,10.2184,0.299041,0,0,126.118,140.051,0
rch_cn,22.9309,10.2028,0,0,200.291,146.307,0
