group,mean_change,std_change,num_at_near_bounds,percent_at_near_bounds,initial_cv,current_cv,num_cv_dec
npf_gr,47.3144,0.746891,38,0,1046.93,890.762,5
sto_gr,121.742,0.623957,40,0,2208.56,1833.29,9
npf_pp,68.9313,8.08126,0,0,315.681,2175.83,0
sto_pp,86.0828,0.759444,1,0,1539,1125.76,2
rch_pp,278.816,1.09129,2,0,2123.24,503.578,1
npf_cn,1681.99,42.2917,0,0,2324.78,84.8043,1
sto_cn,1.9692,0.079057,0,0,126.118,123.584,0
rch_cn,71.8682,10.4209,0,0,200.291,104.394,0
